Date,Page Name,CTA Button Text,General Click,Unique Visitor ID,Connect Page Interaction,Connect Master CTA Click,Filter Interaction
"October 02, 2023",DISPUTES,Dispute Summary,Dispute Summary:Back | 1233018020,8809954181124,1,0,0
"October 02, 2023",DISPUTES,Leave page confirmation,Leave page confirmation:Leave,8809954181124,0,1,0
"October 02, 2023",DISPUTES,More Details,More Details:1197674372,8809954181124,0,1,0
"October 02, 2023",ITCACCOUNTSTATEMENT,CTA,CTA:Filter CTA,8798321868804,0,1,0
"October 02, 2023",ITCACCOUNTSTATEMENT,CTA,CTA:Filter CTA,8809954181124,0,2,0
"October 02, 2023",ITCACCOUNTSTATEMENT,Header-Menu-Clicks,Header-Menu-Clicks: MDT_0001051016,8809954181124,1,0,0
"October 02, 2023",ITCACCOUNTSTATEMENT,History Report,Filter Applied:Commercial satus | UnallocatedPaymentCleared,8809954181124,0,0,2
"October 02, 2023",ITCACCOUNTSTATEMENT,History Report,Filter Applied:Commercial satus | UnrecognizedCreditNoteCleared,8809954181124,0,0,1
"October 02, 2023",ITCACCOUNTSTATEMENT,Home,Home:Widget: Account Financial,8809954181124,2,0,0
"October 02, 2023",ITCACCOUNTSTATEMENT,Language Selected,Language Selected:English,8809954148356,0,1,0
"October 02, 2023",ITCACCOUNTSTATEMENT,Login,Login Success: Login_External : 2023-10-01T14:56:04.554Z,8809954181124,1,0,0
"October 02, 2023",ITCACCOUNTSTATEMENT,Login,Login Success: Login_External : 2023-10-01T15:16:42.223Z,8809954148356,1,0,0
"October 02, 2023",ITCACCOUNTSTATEMENT,Survey Popup,Survey Popup:Survey Cancel,8809954148356,0,2,0
"October 02, 2023",ITCACCOUNTSTATEMENT,View Dispute,View Dispute:100002866699,8809954181124,1,1,0
"October 02, 2023",ITCHISTORYREPORT,CTA,CTA:Filter CTA,8809954181124,1,4,0
"October 02, 2023",ITCHISTORYREPORT,Header-Menu-Clicks,Header-Menu-Clicks: History Report,8809954181124,0,0,0
"October 02, 2023",ITCHISTORYREPORT,History Report,Filter Applied:Commercial satus | Cleared,8809954181124,0,0,1
"October 02, 2023",ITCHISTORYREPORT,History Report,Filter Applied:Commercial satus | Outstanding,8809954181124,0,0,1
"October 02, 2023",ITCHISTORYREPORT,History Report,Filter Applied:Commercial satus | Past due,8809954181124,0,0,1
"October 02, 2023",ITCHISTORYREPORT,History Report,Filter Applied:Commercial satus | ResidualBalanceCleared,8809954181124,0,0,1
"October 02, 2023",ITCHISTORYREPORT,History Report,Filter Applied:Commercial satus | UnallocatedPaymentCleared,8809954181124,0,0,1
"October 02, 2023",ITCHISTORYREPORT,History Report,Filter Applied:Commercial satus | UnearnedDiscountCleared,8809954181124,0,0,1
"October 02, 2023",ITCHISTORYREPORT,History Report,Filter Applied:Commercial satus | Unpaid,8809954181124,0,0,1
"October 02, 2023",ITCHISTORYREPORT,History Report,Filter Applied:Document Type | Payment,8809954181124,0,0,1
"October 02, 2023",ITCHISTORYREPORT,History Report,Filter Removed:Commercial satus | UnallocatedPaymentCleared,8809954181124,0,0,0
"October 02, 2023",ITCHISTORYREPORT,Invoice,Invoice:More Info 1196552339,8809954181124,1,0,0
"October 02, 2023",ITCHISTORYREPORT,Survey Popup,Survey Popup:Survey Cancel,8809954181124,0,1,0
"October 02, 2023",ITCHISTORYREPORT,View Invoice,View Invoice:1195636934,8809954181124,1,0,0
"October 03, 2023",DISPUTES,Header-Menu-Clicks,Header-Menu-Clicks: Informe del histórico,8803074736132,1,0,0
"October 03, 2023",DISPUTES,Header-Menu-Clicks,Header-Menu-Clicks: Resumen de disputas,8803074736132,0,0,0
"October 03, 2023",DISPUTES,Header-Menu-Clicks,Header-Menu-Clicks: Récapitulatif des litiges,8807071088644,0,0,0
"October 03, 2023",DISPUTES,Orders,Orders:Order Details: 6219433546,8807071088644,1,0,0
"October 03, 2023",ITCACCOUNTSTATEMENT,CTA,CTA:Filter CTA,8803074736132,0,1,0
"October 03, 2023",ITCACCOUNTSTATEMENT,Download,Statement of Account:Download Initiated,8803074736132,0,1,0
"October 03, 2023",ITCACCOUNTSTATEMENT,Error,ITCACCOUNTSTATEMENT:Error: Internal Server Error,8804647305220,0,1,0
"October 03, 2023",ITCACCOUNTSTATEMENT,Header-Menu-Clicks,Header-Menu-Clicks: Extracto de cuenta,8803074736132,0,0,0
"October 03, 2023",ITCACCOUNTSTATEMENT,Header-Menu-Clicks,Header-Menu-Clicks: Resumen de disputas,8803074736132,1,0,0
"October 03, 2023",ITCACCOUNTSTATEMENT,Home,Home:Widget: Account Financial,8803074736132,2,0,0
"October 03, 2023",ITCACCOUNTSTATEMENT,Home,Home:Widget: Account Financial,8804647305220,1,0,0
"October 03, 2023",ITCACCOUNTSTATEMENT,Home,Home:Widget: Account Financial,8811790336004,3,0,0
"October 03, 2023",ITCACCOUNTSTATEMENT,Invoice,Invoice:Less Info 1199486081,8811790336004,0,1,0
"October 03, 2023",ITCACCOUNTSTATEMENT,Search Term,manageActiveCustomers:1550549,8811790336004,1,0,0
"October 03, 2023",ITCACCOUNTSTATEMENT,Search Term,manageActiveCustomers:Direx,8803074736132,1,0,0
"October 03, 2023",ITCACCOUNTSTATEMENT,Statement of Account,Search:1199486081,8811790336004,0,0,1
"October 03, 2023",ITCACCOUNTSTATEMENT,Statement of Account,Search:1550549,8811790336004,0,0,1
"October 03, 2023",ITCHISTORYREPORT,Header-Menu-Clicks,Header-Menu-Clicks: Informe del histórico,8803074736132,0,0,0
"October 03, 2023",ITCHISTORYREPORT,Header-Menu-Clicks,Header-Menu-Clicks: Informe del histórico,8811790336004,0,0,0
"October 03, 2023",ITCHISTORYREPORT,Home,Home:Widget: Account Financial,8803074736132,1,0,0
"October 03, 2023",ITCHISTORYREPORT,Statement of Account,Search:1550549,8811790336004,1,0,0
"October 10, 2023",DISPUTES,,,8807209795588,1,0,0
"October 10, 2023",DISPUTES,Contact Details,Contact Details:1209774166 | MDT_0001175127_0000011164,8805203181572,1,0,0
"October 10, 2023",DISPUTES,CTA,CTA:Filter CTA,8809921445892,0,5,0
"October 10, 2023",DISPUTES,Find MDT Contacts,Find MDT Contacts:100002667495,8809921445892,1,1,0
"October 10, 2023",DISPUTES,Header-Menu-Clicks,"Header-Menu-Clicks: App: CENT, Locale: English, Key: commercialStatus.NotRecognized",8803564224516,1,0,0
"October 10, 2023",DISPUTES,Header-Menu-Clicks,Header-Menu-Clicks: Disputes Overview,8803564224516,0,0,0
"October 10, 2023",DISPUTES,Header-Menu-Clicks,Header-Menu-Clicks: Disputes Overview,8805203181572,0,0,0
"October 10, 2023",DISPUTES,Header-Menu-Clicks,Header-Menu-Clicks: Übersicht Rechnungsreklamation,8807209795588,0,0,0
"October 10, 2023",DISPUTES,Header-Menu-Clicks,Header-Menu-Clicks: Übersicht Rechnungsreklamation,8809921445892,0,0,0
"October 10, 2023",DISPUTES,Home,Home:Widget: Account Financial,8809921445892,1,0,0
"October 10, 2023",DISPUTES,Invoice,Invoice:More Info 1027719241,8805203181572,1,0,0
"October 10, 2023",DISPUTES,Leave page confirmation,Leave page confirmation:Leave,8805203181572,0,1,0
"October 10, 2023",DISPUTES,Leave page confirmation,Leave page confirmation:Leave,8809921445892,1,0,0
"October 10, 2023",DISPUTES,More Details,More Details:1196778838,8809921445892,0,1,0
"October 10, 2023",DISPUTES,More Details,More Details:1197719296,8809921445892,0,1,0
"October 10, 2023",DISPUTES,More Details,More Details:1209774166,8805203181572,0,1,0
"October 10, 2023",DISPUTES,View Dashboard,View Dashboard:Dashboard Viewed,8809921445892,1,0,0
"October 10, 2023",DISPUTES,View Dispute,View Dispute:100002587602,8805203181572,0,1,0
"October 10, 2023",DISPUTES,View Dispute,View Dispute:100002657158,8805203181572,2,2,0
"October 10, 2023",DISPUTES,View Dispute,View Dispute:100002716850,8805203181572,1,1,0
"October 10, 2023",DISPUTES,View Dispute,View Dispute:100002836763,8805203181572,1,0,0
"October 10, 2023",DISPUTES,View Dispute,View Dispute:100002862185,8803564224516,0,1,0
"October 10, 2023",DISPUTES,View Dispute,View Dispute:100002865380,8803564224516,1,1,0
"October 10, 2023",DISPUTES,View Dispute,View Dispute:Download Attachments: FR_RJ_PRICING,8803564224516,0,1,0
"October 10, 2023",DISPUTES,View Dispute,View Dispute:Download Attachments: undefined,8803564224516,0,1,0
"October 10, 2023",ITCACCOUNTSTATEMENT,,,8807006699524,1,0,0
"October 10, 2023",ITCACCOUNTSTATEMENT,,,8808879587332,1,0,0
"October 10, 2023",ITCACCOUNTSTATEMENT,,,8809921445892,2,0,0
"October 10, 2023",ITCACCOUNTSTATEMENT,CTA,CTA:Filter CTA,8805203181572,0,1,0
"October 10, 2023",ITCACCOUNTSTATEMENT,CTA,CTA:Filter CTA,8809921445892,0,2,0
"October 10, 2023",ITCACCOUNTSTATEMENT,Download,History Report:Cancel,8805203181572,0,1,0
"October 10, 2023",ITCACCOUNTSTATEMENT,Download,History Report:Downloaded: excel,8805203181572,0,1,0
"October 10, 2023",ITCACCOUNTSTATEMENT,Email,Email:Cancel,8809921445892,0,1,0
"October 10, 2023",ITCACCOUNTSTATEMENT,Email,Email:Email Initiated,8805203181572,0,1,0
"October 10, 2023",ITCACCOUNTSTATEMENT,Email,Email:Email Initiated,8809921445892,0,1,0
"October 10, 2023",ITCACCOUNTSTATEMENT,Error,HOME:Error: Internal Server Error,8811697274884,1,0,0
"October 10, 2023",ITCACCOUNTSTATEMENT,Error,ITCACCOUNTSTATEMENT:Error: Internal Server Error,8807006699524,0,2,0
"October 10, 2023",ITCACCOUNTSTATEMENT,Find MDT Contacts,Find MDT Contacts:100002667495,8809921445892,1,0,0
"October 10, 2023",ITCACCOUNTSTATEMENT,Header-Menu-Clicks,Header-Menu-Clicks: Connect Enterprise | English | paidreason,8803564224516,1,0,0
"October 10, 2023",ITCACCOUNTSTATEMENT,Header-Menu-Clicks,Header-Menu-Clicks: History Report,8805203181572,1,0,0
"October 10, 2023",ITCACCOUNTSTATEMENT,Header-Menu-Clicks,Header-Menu-Clicks: ITCAccountStatement,8807006699524,0,0,0
"October 10, 2023",ITCACCOUNTSTATEMENT,Header-Menu-Clicks,Header-Menu-Clicks: Kontoauszug,8805701550084,0,0,0
"October 10, 2023",ITCACCOUNTSTATEMENT,Header-Menu-Clicks,Header-Menu-Clicks: Kontoauszug,8809921445892,0,0,0
"October 10, 2023",ITCACCOUNTSTATEMENT,Header-Menu-Clicks,Header-Menu-Clicks: Statement of Account,8805203181572,0,0,0
"October 10, 2023",ITCACCOUNTSTATEMENT,Header-Menu-Clicks,Header-Menu-Clicks: Statement of Account,8807006699524,0,0,0
"October 10, 2023",ITCACCOUNTSTATEMENT,Header-Menu-Clicks,Header-Menu-Clicks: Statement of Account,8811697274884,0,0,0
"October 10, 2023",ITCACCOUNTSTATEMENT,Home,Home:Widget: Account Financial,8803564224516,1,0,0
"October 10, 2023",ITCACCOUNTSTATEMENT,Home,Home:Widget: Account Financial,8805203181572,3,0,0
"October 10, 2023",ITCACCOUNTSTATEMENT,Home,Home:Widget: Account Financial,8808879587332,5,0,0
"October 10, 2023",ITCACCOUNTSTATEMENT,Home,Home:Widget: Account Financial,8809921445892,5,0,0
"October 10, 2023",ITCACCOUNTSTATEMENT,Home,Home:Widget: Account Financial,8811697274884,2,0,0
"October 10, 2023",ITCACCOUNTSTATEMENT,Home,Home:Widget: Orders,8805701550084,1,0,0
"October 10, 2023",ITCACCOUNTSTATEMENT,Invoice,Invoice:Less Info 1400358146,8811697274884,0,1,0
"October 10, 2023",ITCACCOUNTSTATEMENT,Invoice,Invoice:More Info 1027719241,8805203181572,0,1,0
"October 10, 2023",ITCACCOUNTSTATEMENT,Invoice,Invoice:More Info 1192908729,8809921445892,0,1,0
"October 10, 2023",ITCACCOUNTSTATEMENT,Invoice,Invoice:More Info 1209774166,8805203181572,1,0,0
"October 10, 2023",ITCACCOUNTSTATEMENT,Invoice,Invoice:More Info 1209775401,8805203181572,0,1,0
"October 10, 2023",ITCACCOUNTSTATEMENT,Invoice,Invoice:More Info 1809037911,8805203181572,0,1,0
"October 10, 2023",ITCACCOUNTSTATEMENT,Language Selected,Language Selected:Français (France),8808879587332,0,1,0
"October 10, 2023",ITCACCOUNTSTATEMENT,Login,Login Success: Login_External : 2023-10-09T13:31:27.789Z,8805203181572,1,0,0
"October 10, 2023",ITCACCOUNTSTATEMENT,Order Detail,Order Detail:Viewed_Order ID - 6217616828,8805203181572,0,1,0
"October 10, 2023",ITCACCOUNTSTATEMENT,Refine Search,catalog:Facet: Product Group & Value: Sutures,8807006699524,1,0,0
"October 10, 2023",ITCACCOUNTSTATEMENT,Statement of Account,Clear Search:1,8808879587332,0,0,0
"October 10, 2023",ITCACCOUNTSTATEMENT,Statement of Account,Filter Applied:View All Accounts: Turned On,8805203181572,0,0,1
"October 10, 2023",ITCACCOUNTSTATEMENT,Statement of Account,Search:250997,8808879587332,0,0,1
"October 10, 2023",ITCACCOUNTSTATEMENT,View Dashboard,View Dashboard:Dashboard Viewed,8809921445892,1,0,0
"October 10, 2023",ITCACCOUNTSTATEMENT,View Invoice,View Invoice:1192908729,8809921445892,1,1,0
"October 10, 2023",ITCACCOUNTSTATEMENT,View Invoice,View Invoice:1205609564,8811697274884,1,0,0
"October 10, 2023",ITCACCOUNTSTATEMENT,View Invoice,View Invoice:1209370913,8805203181572,1,0,0
"October 10, 2023",ITCHISTORYREPORT,CTA,CTA:Filter CTA,8809921445892,0,2,0
"October 10, 2023",ITCHISTORYREPORT,Finance Documents Download,Finance Documents Download:Downloaded: 1196567921,8809921445892,0,1,0
"October 10, 2023",ITCHISTORYREPORT,Finance Documents Download,Finance Documents Download:Initiated Invoice,8809921445892,0,1,0
"October 10, 2023",ITCHISTORYREPORT,Header-Menu-Clicks,Header-Menu-Clicks: Historie (Bericht),8807209795588,0,0,0
"October 10, 2023",ITCHISTORYREPORT,Header-Menu-Clicks,Header-Menu-Clicks: Historie (Bericht),8809921445892,0,0,0
"October 10, 2023",ITCHISTORYREPORT,Header-Menu-Clicks,Header-Menu-Clicks: History Report,8803564224516,0,0,0
"October 10, 2023",ITCHISTORYREPORT,Header-Menu-Clicks,Header-Menu-Clicks: History Report,8805203181572,0,0,0
"October 10, 2023",ITCHISTORYREPORT,Header-Menu-Clicks,Header-Menu-Clicks: Home,8803564224516,1,0,0
"October 10, 2023",ITCHISTORYREPORT,Header-Menu-Clicks,Header-Menu-Clicks: Statement of Account,8805203181572,1,0,0
"October 10, 2023",ITCHISTORYREPORT,History Report,Filter Applied:Document Type | Invoice,8809921445892,0,0,1
"October 10, 2023",ITCHISTORYREPORT,History Report,Filter Applied:From Date Applied,8809921445892,0,0,1
"October 10, 2023",ITCHISTORYREPORT,History Report,Filter Applied:Invoices Only: Turned On,8809921445892,0,0,1
"October 10, 2023",ITCHISTORYREPORT,History Report,Filter Applied:To Date Applied,8809921445892,0,0,1
"October 10, 2023",ITCHISTORYREPORT,Invoice,Invoice:More Info 1196567921,8809921445892,0,1,0
"October 10, 2023",ITCHISTORYREPORT,Language Selected,Language Selected:Deutsch (Deutschland),8803564224516,0,1,0
"October 10, 2023",ITCHISTORYREPORT,Search Term,manageActiveCustomers:apolog,8807209795588,1,0,0
"October 10, 2023",ITCHISTORYREPORT,View Dashboard,View Dashboard:Dashboard Viewed,8809921445892,1,0,0
"October 10, 2023",ITCHISTORYREPORT,View Invoice,View Invoice:1196567921,8809921445892,1,1,0
"October 04, 2023",DISPUTES,Download,Statement of Account:Cancel,8809167716356,1,0,0
"October 04, 2023",DISPUTES,Header-Menu-Clicks,Header-Menu-Clicks: Disputes Overview,8805859426308,0,0,0
"October 04, 2023",DISPUTES,Header-Menu-Clicks,Header-Menu-Clicks: History Report,8805859426308,1,0,0
"October 04, 2023",DISPUTES,Header-Menu-Clicks,Header-Menu-Clicks: Panoramica contestazioni,8809167716356,0,0,0
"October 04, 2023",DISPUTES,View Dispute,View Dispute:100002836763,8805859426308,1,0,0
"October 04, 2023",DISPUTES,View Dispute,View Dispute:100002868907,8805859426308,1,1,0
"October 04, 2023",ITCACCOUNTSTATEMENT,,,8810052517892,1,0,0
"October 04, 2023",ITCACCOUNTSTATEMENT,CTA,CTA:Filter CTA,8807006699524,0,7,0
"October 04, 2023",ITCACCOUNTSTATEMENT,CTA,CTA:Filter CTA,8809167716356,0,1,0
"October 04, 2023",ITCACCOUNTSTATEMENT,CTA,CTA:Filter CTA,8811395809284,0,1,0
"October 04, 2023",ITCACCOUNTSTATEMENT,Download,Statement of Account:Cancel,8809167716356,0,2,0
"October 04, 2023",ITCACCOUNTSTATEMENT,Download,Statement of Account:Download Initiated,8809167716356,0,1,0
"October 04, 2023",ITCACCOUNTSTATEMENT,Download,Statement of Account:Downloaded: excel,8809167716356,0,1,0
"October 04, 2023",ITCACCOUNTSTATEMENT,Error,ITCACCOUNTSTATEMENT:Error: Internal Server Error,8809167716356,0,3,0
"October 04, 2023",ITCACCOUNTSTATEMENT,Error,ITCACCOUNTSTATEMENT:Error: Internal Server Error,8811395809284,0,1,0
"October 04, 2023",ITCACCOUNTSTATEMENT,Finance Documents Download,Finance Documents Download:Cancel,8805859426308,1,1,0
"October 04, 2023",ITCACCOUNTSTATEMENT,Finance Documents Download,Finance Documents Download:Cancel Invoice,8811395809284,0,27,0
"October 04, 2023",ITCACCOUNTSTATEMENT,Finance Documents Download,Finance Documents Download:Downloaded: 1027015299,8811395809284,0,1,0
"October 04, 2023",ITCACCOUNTSTATEMENT,Finance Documents Download,Finance Documents Download:Downloaded: 1027194665,8811395809284,0,1,0
"October 04, 2023",ITCACCOUNTSTATEMENT,Finance Documents Download,Finance Documents Download:Downloaded: 1027215132,8811395809284,0,1,0
"October 04, 2023",ITCACCOUNTSTATEMENT,Finance Documents Download,Finance Documents Download:Downloaded: 1027224968,8811395809284,0,1,0
"October 04, 2023",ITCACCOUNTSTATEMENT,Finance Documents Download,Finance Documents Download:Downloaded: 1027387082,8811395809284,0,1,0
"October 04, 2023",ITCACCOUNTSTATEMENT,Finance Documents Download,Finance Documents Download:Downloaded: 1027700246,8811395809284,0,1,0
"October 04, 2023",ITCACCOUNTSTATEMENT,Finance Documents Download,Finance Documents Download:Downloaded: 1209145047,8811395809284,0,1,0
"October 04, 2023",ITCACCOUNTSTATEMENT,Finance Documents Download,Finance Documents Download:Downloaded: 1209177255,8811395809284,0,1,0
"October 04, 2023",ITCACCOUNTSTATEMENT,Finance Documents Download,Finance Documents Download:Downloaded: 1209221923,8811395809284,0,1,0
"October 04, 2023",ITCACCOUNTSTATEMENT,Finance Documents Download,Finance Documents Download:Downloaded: 1209257465,8811395809284,0,1,0
"October 04, 2023",ITCACCOUNTSTATEMENT,Finance Documents Download,Finance Documents Download:Downloaded: 1209287898,8811395809284,0,1,0
"October 04, 2023",ITCACCOUNTSTATEMENT,Finance Documents Download,Finance Documents Download:Downloaded: 1209309311,8811395809284,0,1,0
"October 04, 2023",ITCACCOUNTSTATEMENT,Finance Documents Download,Finance Documents Download:Downloaded: 1209360109,8811395809284,0,1,0
"October 04, 2023",ITCACCOUNTSTATEMENT,Finance Documents Download,Finance Documents Download:Downloaded: 1209491477,8811395809284,0,1,0
"October 04, 2023",ITCACCOUNTSTATEMENT,Finance Documents Download,Finance Documents Download:Downloaded: 1209668441,8811395809284,0,1,0
"October 04, 2023",ITCACCOUNTSTATEMENT,Finance Documents Download,Finance Documents Download:Downloaded: 1209725346,8811395809284,0,1,0
"October 04, 2023",ITCACCOUNTSTATEMENT,Finance Documents Download,Finance Documents Download:Downloaded: 1209737540,8811395809284,0,1,0
"October 04, 2023",ITCACCOUNTSTATEMENT,Finance Documents Download,Finance Documents Download:Initiated Invoice,8811395809284,0,19,0
"October 04, 2023",ITCACCOUNTSTATEMENT,Header-Menu-Clicks,Header-Menu-Clicks: Extracto de cuenta,8811790270468,0,0,0
"October 04, 2023",ITCACCOUNTSTATEMENT,Header-Menu-Clicks,Header-Menu-Clicks: Relevé de compte,8807071088644,0,0,0
"October 04, 2023",ITCACCOUNTSTATEMENT,Header-Menu-Clicks,Header-Menu-Clicks: Statement of Account,8805859426308,0,0,0
"October 04, 2023",ITCACCOUNTSTATEMENT,Header-Menu-Clicks,Header-Menu-Clicks: Statement of Account,8807006699524,0,0,0
"October 04, 2023",ITCACCOUNTSTATEMENT,Home,Home:Widget: Account Financial,8806779715588,1,0,0
"October 04, 2023",ITCACCOUNTSTATEMENT,Home,Home:Widget: Account Financial,8807071088644,1,0,0
"October 04, 2023",ITCACCOUNTSTATEMENT,Home,Home:Widget: Account Financial,8809167716356,2,0,0
"October 04, 2023",ITCACCOUNTSTATEMENT,Home,Home:Widget: Account Financial,8810052517892,1,0,0
"October 04, 2023",ITCACCOUNTSTATEMENT,Home,Home:Widget: Account Financial,8811395809284,1,0,0
"October 04, 2023",ITCACCOUNTSTATEMENT,Home,Home:Widget: Account Financial,8811790270468,4,0,0
"October 04, 2023",ITCACCOUNTSTATEMENT,Invoice,Invoice:Less Info 1047074357,8807071088644,0,1,0
"October 04, 2023",ITCACCOUNTSTATEMENT,Invoice,Invoice:Less Info 1800004269,8807006699524,0,1,0
"October 04, 2023",ITCACCOUNTSTATEMENT,Invoice,Invoice:More Info 1199813750,8811790270468,1,0,0
"October 04, 2023",ITCACCOUNTSTATEMENT,Login,Login Success: Login_External : 2023-10-03T12:07:18.832Z,8809167716356,1,0,0
"October 04, 2023",ITCACCOUNTSTATEMENT,Login,Login Success: Login_External : 2023-10-03T14:15:34.350Z,8807006699524,1,0,0
"October 04, 2023",ITCACCOUNTSTATEMENT,Login,Login Success: Login_Internal : 2023-10-03T14:00:22.877Z,8805859426308,1,0,0
"October 04, 2023",ITCACCOUNTSTATEMENT,Search Term,manageActiveCustomers:chu rennes,8807071088644,1,0,0
"October 04, 2023",ITCACCOUNTSTATEMENT,Shipments,Shipments:View Packing Slip: 6219568916,8811790270468,1,0,0
"October 04, 2023",ITCACCOUNTSTATEMENT,Statement of Account,Clear Search:1,8809167716356,1,0,0
"October 04, 2023",ITCACCOUNTSTATEMENT,Statement of Account,Clear Search:1026149594,8811395809284,0,0,0
"October 04, 2023",ITCACCOUNTSTATEMENT,Statement of Account,Clear Search:1027015299,8811395809284,0,0,0
"October 04, 2023",ITCACCOUNTSTATEMENT,Statement of Account,Clear Search:1027194664 1027215132 1027194665,8811395809284,0,0,0
"October 04, 2023",ITCACCOUNTSTATEMENT,Statement of Account,Clear Search:1027284994 1027387082,8811395809284,0,0,0
"October 04, 2023",ITCACCOUNTSTATEMENT,Statement of Account,Clear Search:1027700246 1027224968,8811395809284,0,0,0
"October 04, 2023",ITCACCOUNTSTATEMENT,Statement of Account,Clear Search:1027703179,8811395809284,0,0,0
"October 04, 2023",ITCACCOUNTSTATEMENT,Statement of Account,Clear Search:1027731669 1209616383 1209668441 1209697099,8811395809284,0,0,0
"October 04, 2023",ITCACCOUNTSTATEMENT,Statement of Account,Clear Search:1209177255 1209221923 1209287898 1209309311,8811395809284,0,0,0
"October 04, 2023",ITCACCOUNTSTATEMENT,Statement of Account,Clear Search:1209339865,8811395809284,0,0,0
"October 04, 2023",ITCACCOUNTSTATEMENT,Statement of Account,Clear Search:1209385706,8811395809284,0,0,0
"October 04, 2023",ITCACCOUNTSTATEMENT,Statement of Account,Clear Search:1209616383 1209638838 1209695310 1209697099 1209720950 1209737540,8811395809284,0,0,0
"October 04, 2023",ITCACCOUNTSTATEMENT,Statement of Account,Clear Search:1209668441,8811395809284,0,0,0
"October 04, 2023",ITCACCOUNTSTATEMENT,Statement of Account,Filter Applied:Commercial satus | Outstanding,8807006699524,0,0,1
"October 04, 2023",ITCACCOUNTSTATEMENT,Statement of Account,Filter Applied:Commercial satus | Past due,8807006699524,0,0,1
"October 04, 2023",ITCACCOUNTSTATEMENT,Statement of Account,Filter Applied:Commercial satus | Unpaid,8807006699524,0,0,1
"October 04, 2023",ITCACCOUNTSTATEMENT,Statement of Account,Filter Applied:Dispute status | Open,8807006699524,0,0,3
"October 04, 2023",ITCACCOUNTSTATEMENT,Statement of Account,Filter Applied:Dispute status | Resolved,8807006699524,0,0,2
"October 04, 2023",ITCACCOUNTSTATEMENT,Statement of Account,Filter Applied:Document Type | Credit,8807006699524,0,0,2
"October 04, 2023",ITCACCOUNTSTATEMENT,Statement of Account,Filter Applied:Document Type | Invoice,8807006699524,0,0,1
"October 04, 2023",ITCACCOUNTSTATEMENT,Statement of Account,Filter Applied:Invoices Only: Turned On,8809167716356,0,0,1
"October 04, 2023",ITCACCOUNTSTATEMENT,Statement of Account,Filter Applied:View All Accounts: Turned On,8807006699524,0,0,2
"October 04, 2023",ITCACCOUNTSTATEMENT,Statement of Account,Filter Applied:View All Accounts: Turned On,8809167716356,0,0,1
"October 04, 2023",ITCACCOUNTSTATEMENT,Statement of Account,Filter Applied:View All Accounts: Turned On,8811395809284,0,0,1
"October 04, 2023",ITCACCOUNTSTATEMENT,Statement of Account,Filter Interaction:Filter Clear,8807006699524,0,0,1
"October 04, 2023",ITCACCOUNTSTATEMENT,Statement of Account,Filter Removed:clearFacet | clearFacet,8807006699524,0,0,0
"October 04, 2023",ITCACCOUNTSTATEMENT,Statement of Account,Filter Removed:Commercial satus | Outstanding,8807006699524,0,0,0
"October 04, 2023",ITCACCOUNTSTATEMENT,Statement of Account,Filter Removed:Commercial satus | Past due,8807006699524,0,0,0
"October 04, 2023",ITCACCOUNTSTATEMENT,Statement of Account,Filter Removed:Commercial satus | Unpaid,8807006699524,0,0,0
"October 04, 2023",ITCACCOUNTSTATEMENT,Statement of Account,Filter Removed:Dispute status | Open,8807006699524,0,0,0
"October 04, 2023",ITCACCOUNTSTATEMENT,Statement of Account,Filter Removed:Invoices Only: Turned Off,8809167716356,0,0,0
"October 04, 2023",ITCACCOUNTSTATEMENT,Statement of Account,Filter Removed:View All Accounts: Turned Off,8807006699524,0,0,0
"October 04, 2023",ITCACCOUNTSTATEMENT,Statement of Account,Search:1022694,8809167716356,0,0,2
"October 04, 2023",ITCACCOUNTSTATEMENT,Statement of Account,Search:1024991564 1026115804,8811395809284,0,0,1
"October 04, 2023",ITCACCOUNTSTATEMENT,Statement of Account,Search:1027015299,8811395809284,0,0,1
"October 04, 2023",ITCACCOUNTSTATEMENT,Statement of Account,Search:1027284994 1027387082,8811395809284,0,0,1
"October 04, 2023",ITCACCOUNTSTATEMENT,Statement of Account,Search:1027313022 1209145047 1209257465 1209360109 1209491477 1209607603 1209724573 1209725346,8811395809284,0,0,1
"October 04, 2023",ITCACCOUNTSTATEMENT,Statement of Account,Search:1027700246 1027224968,8811395809284,0,0,1
"October 04, 2023",ITCACCOUNTSTATEMENT,Statement of Account,Search:1027703179,8811395809284,0,0,2
"October 04, 2023",ITCACCOUNTSTATEMENT,Statement of Account,Search:1027731669 1209616383 1209668441 1209697099,8811395809284,0,0,1
"October 04, 2023",ITCACCOUNTSTATEMENT,Statement of Account,Search:1047271023,8807006699524,1,0,1
"October 04, 2023",ITCACCOUNTSTATEMENT,Statement of Account,Search:1209177255 1209221923 1209287898 1209309311,8811395809284,0,0,1
"October 04, 2023",ITCACCOUNTSTATEMENT,Statement of Account,Search:1209339865,8811395809284,0,0,1
"October 04, 2023",ITCACCOUNTSTATEMENT,Statement of Account,Search:1209385706,8811395809284,0,0,1
"October 04, 2023",ITCACCOUNTSTATEMENT,Statement of Account,Search:1209616383 1209638838 1209695310 1209697099 1209720950 1209737540,8811395809284,0,0,1
"October 04, 2023",ITCACCOUNTSTATEMENT,Statement of Account,Search:1209668441,8811395809284,0,0,1
"October 04, 2023",ITCACCOUNTSTATEMENT,Statement of Account,Search:1415186779,8811790270468,0,0,1
"October 04, 2023",ITCACCOUNTSTATEMENT,Statement of Account,Search:1415256078,8811790270468,0,0,1
"October 04, 2023",ITCACCOUNTSTATEMENT,Statement of Account,Search:LA5JL35,8807071088644,0,0,1
"October 04, 2023",ITCACCOUNTSTATEMENT,View Dashboard,View Dashboard:Dashboard Viewed,8809167716356,0,1,0
"October 04, 2023",ITCACCOUNTSTATEMENT,View Invoice,View Invoice:1046505046,8807071088644,2,1,0
"October 04, 2023",ITCACCOUNTSTATEMENT,View Invoice,View Invoice:1047074357,8807071088644,0,1,0
"October 04, 2023",ITCHISTORYREPORT,Finance Documents Download,Finance Documents Download:Cancel,8805859426308,1,0,0
"October 04, 2023",ITCHISTORYREPORT,Header-Menu-Clicks,Header-Menu-Clicks: History Report,8805859426308,0,0,0
"October 05, 2023",DISPUTES,Header-Menu-Clicks,Header-Menu-Clicks: Panoramica contestazioni,8803564224516,0,0,0
"October 05, 2023",DISPUTES,Invoice,Invoice:More Info 1600469338,8803564224516,0,1,0
"October 05, 2023",DISPUTES,Invoice Deselected,Invoice Deselected:1024331808,8803564224516,1,0,0
"October 05, 2023",DISPUTES,More Details,More Details:1209658336,8803564224516,0,1,0
"October 05, 2023",ITCACCOUNTSTATEMENT,,,8805859426308,1,0,0
"October 05, 2023",ITCACCOUNTSTATEMENT,CTA,CTA:Filter CTA,8803564224516,0,1,0
"October 05, 2023",ITCACCOUNTSTATEMENT,CTA,CTA:Filter CTA,8811790270468,0,1,0
"October 05, 2023",ITCACCOUNTSTATEMENT,Date Filter,Date Filter:Applied,8811168825348,0,1,0
"October 05, 2023",ITCACCOUNTSTATEMENT,Download,Statement of Account:Cancel,8811790303236,0,1,0
"October 05, 2023",ITCACCOUNTSTATEMENT,Download,Statement of Account:Download Initiated,8803564224516,0,1,0
"October 05, 2023",ITCACCOUNTSTATEMENT,Download,Statement of Account:Downloaded: excel,8811790303236,0,1,0
"October 05, 2023",ITCACCOUNTSTATEMENT,Error,ITCACCOUNTSTATEMENT:Error: Forbidden,8803564224516,1,2,0
"October 05, 2023",ITCACCOUNTSTATEMENT,Error,ITCACCOUNTSTATEMENT:Error: Internal Server Error,8804647305220,0,5,0
"October 05, 2023",ITCACCOUNTSTATEMENT,Error,ITCACCOUNTSTATEMENT:Error: Internal Server Error,8811168825348,0,4,0
"October 05, 2023",ITCACCOUNTSTATEMENT,Finance Documents Download,Finance Documents Download:Cancel,8807209795588,0,1,0
"October 05, 2023",ITCACCOUNTSTATEMENT,Finance Documents Download,Finance Documents Download:Cancel Invoice,8803564224516,0,1,0
"October 05, 2023",ITCACCOUNTSTATEMENT,Finance Documents Download,Finance Documents Download:Cancel Payment,8803564224516,0,1,0
"October 05, 2023",ITCACCOUNTSTATEMENT,Finance Documents Download,Finance Documents Download:Initiated,8807209795588,1,0,0
"October 05, 2023",ITCACCOUNTSTATEMENT,Finance Documents Download,Finance Documents Download:Initiated Payment|Invoice,8803564224516,0,1,0
"October 05, 2023",ITCACCOUNTSTATEMENT,Header-Menu-Clicks,Header-Menu-Clicks: Extracto de cuenta,8803564224516,0,0,0
"October 05, 2023",ITCACCOUNTSTATEMENT,Header-Menu-Clicks,Header-Menu-Clicks: Home,8804647305220,1,0,0
"October 05, 2023",ITCACCOUNTSTATEMENT,Header-Menu-Clicks,Header-Menu-Clicks: Product retourneren,8811168825348,1,0,0
"October 05, 2023",ITCACCOUNTSTATEMENT,Header-Menu-Clicks,Header-Menu-Clicks: Rekeningafschrift,8811168825348,0,0,0
"October 05, 2023",ITCACCOUNTSTATEMENT,Header-Menu-Clicks,Header-Menu-Clicks: Statement of Account,8805859426308,0,0,0
"October 05, 2023",ITCACCOUNTSTATEMENT,Home,Home:Widget: Account Financial,8804647305220,4,0,0
"October 05, 2023",ITCACCOUNTSTATEMENT,Home,Home:Widget: Account Financial,8805701550084,1,0,0
"October 05, 2023",ITCACCOUNTSTATEMENT,Home,Home:Widget: Account Financial,8811790270468,3,0,0
"October 05, 2023",ITCACCOUNTSTATEMENT,Home,Home:Widget: Account Financial,8811790303236,2,0,0
"October 05, 2023",ITCACCOUNTSTATEMENT,Home,Home:Widget: Account Financial,8811790336004,2,0,0
"October 05, 2023",ITCACCOUNTSTATEMENT,Invoice,Invoice:More Info 1026053135,8803564224516,0,1,0
"October 05, 2023",ITCACCOUNTSTATEMENT,Invoice,Invoice:More Info 1600472072,8803564224516,0,1,0
"October 05, 2023",ITCACCOUNTSTATEMENT,Invoice Deselected,Invoice Deselected:1024331808,8803564224516,0,1,0
"October 05, 2023",ITCACCOUNTSTATEMENT,Language Selected,Language Selected:English,8811168825348,0,1,0
"October 05, 2023",ITCACCOUNTSTATEMENT,Language Selected,Language Selected:Nederlands (Nederland),8811168825348,1,1,0
"October 05, 2023",ITCACCOUNTSTATEMENT,Login,Login Success: Login_External : 2023-10-04T13:50:55.123Z,8804647305220,1,0,0
"October 05, 2023",ITCACCOUNTSTATEMENT,Search,Translations:Connect Enterprise | Italiano (Italia) | itc.commercialDocTypes.Payment,8803564224516,1,0,0
"October 05, 2023",ITCACCOUNTSTATEMENT,Search Term,manageActiveCustomers:1178364,8811790303236,1,0,0
"October 05, 2023",ITCACCOUNTSTATEMENT,Search Term,manageActiveCustomers:st. jans gasthuis,8804647305220,1,0,0
"October 05, 2023",ITCACCOUNTSTATEMENT,Statement of Account,Filter Applied:View All Accounts: Turned On,8803564224516,0,0,1
"October 05, 2023",ITCACCOUNTSTATEMENT,Statement of Account,Filter Removed:Invoices Only: Turned Off,8811168825348,0,0,0
"October 05, 2023",ITCACCOUNTSTATEMENT,Statement of Account,Filter Removed:View All Accounts: Turned Off,8803564224516,0,0,0
"October 05, 2023",ITCACCOUNTSTATEMENT,Statement of Account,Search:1199497229,8811790336004,0,0,1
"October 05, 2023",ITCACCOUNTSTATEMENT,Statement of Account,Search:EGIAUSTND,8804647305220,0,0,1
"October 05, 2023",ITCACCOUNTSTATEMENT,View Invoice,View Invoice:1024331808,8803564224516,1,1,0
"October 05, 2023",ITCHISTORYREPORT,,,8803564224516,1,0,0
"October 05, 2023",ITCHISTORYREPORT,CTA,CTA:Filter CTA,8807071088644,0,1,0
"October 05, 2023",ITCHISTORYREPORT,Download,History Report:Download Initiated,8803564224516,0,1,0
"October 05, 2023",ITCHISTORYREPORT,Finance Documents Download,Finance Documents Download:Cancel Invoice,8803564224516,0,1,0
"October 05, 2023",ITCHISTORYREPORT,Finance Documents Download,Finance Documents Download:Initiated Invoice,8803564224516,0,2,0
"October 05, 2023",ITCHISTORYREPORT,Finance Documents Download,Finance Documents Download:Initiated Invoice|Credit,8803564224516,0,1,0
"October 05, 2023",ITCHISTORYREPORT,Header-Menu-Clicks,Header-Menu-Clicks: Grand-Livre,8807071088644,0,0,0
"October 05, 2023",ITCHISTORYREPORT,Header-Menu-Clicks,Header-Menu-Clicks: Report Storico,8803564224516,0,0,0
"October 05, 2023",ITCHISTORYREPORT,History Report,Filter Applied:Dispute status | Closed,8807071088644,0,0,1
"October 05, 2023",ITCHISTORYREPORT,Home,Home:Widget: Orders,8807209795588,2,0,0
"October 05, 2023",ITCHISTORYREPORT,Invoice,Invoice:More Info 1217559304,8807071088644,0,1,0
"October 05, 2023",ITCHISTORYREPORT,Language Selected,Language Selected:Français (France),8803564224516,1,0,0
"October 05, 2023",ITCHISTORYREPORT,Leave page confirmation,Leave page confirmation:Leave,8803564224516,0,1,0
"October 05, 2023",ITCHISTORYREPORT,Order Visibility,Order Visibility:Tab Name: ORDERS,8807209795588,1,1,0
"October 05, 2023",ITCHISTORYREPORT,Report Order Discrepency,Report Order Discrepency:Order ID: 6219629577,8807071088644,1,0,0
"October 05, 2023",ITCHISTORYREPORT,Search,Translations:Connect Enterprise | English | invoice,8803564224516,1,0,0
"October 05, 2023",ITCHISTORYREPORT,Search,Translations:Connect Enterprise | Italiano (Italia) | autorizado,8803564224516,0,0,1
"October 05, 2023",ITCHISTORYREPORT,Search Term,manageActiveCustomers:chu rennes,8807071088644,1,0,0
"October 11, 2023",DISPUTES,Header-Menu-Clicks,Header-Menu-Clicks: Disputes Overview,8805369479172,0,0,0
"October 11, 2023",DISPUTES,Header-Menu-Clicks,Header-Menu-Clicks: Panoramica contestazioni,8804103913476,0,0,0
"October 11, 2023",DISPUTES,Header-Menu-Clicks,Header-Menu-Clicks: Report Storico,8804103913476,1,0,0
"October 11, 2023",DISPUTES,Header-Menu-Clicks,Header-Menu-Clicks: Récapitulatif des litiges,8811789123588,0,0,0
"October 11, 2023",DISPUTES,Header-Menu-Clicks,Header-Menu-Clicks: Statement of Account,8805369479172,1,0,0
"October 11, 2023",DISPUTES,Search Term,manageActiveCustomers:1338638,8811789123588,1,0,0
"October 11, 2023",ITCACCOUNTSTATEMENT,,,8807209795588,1,0,0
"October 11, 2023",ITCACCOUNTSTATEMENT,CTA,CTA:Filter CTA,8807071088644,0,3,0
"October 11, 2023",ITCACCOUNTSTATEMENT,Email,Email:Email Initiated,8805369479172,0,1,0
"October 11, 2023",ITCACCOUNTSTATEMENT,Email,Email:Email Initiated,8807071088644,0,1,0
"October 11, 2023",ITCACCOUNTSTATEMENT,Error,ITCHISTORYREPORT:Error: Not Found,8807071088644,1,0,0
"October 11, 2023",ITCACCOUNTSTATEMENT,Error,LOGIN:Error: Bad Request,8811790270468,1,0,0
"October 11, 2023",ITCACCOUNTSTATEMENT,Finance Documents Download,Finance Documents Download:Cancel,8807071088644,1,1,0
"October 11, 2023",ITCACCOUNTSTATEMENT,Finance Documents Download,Finance Documents Download:Cancel Invoice,8805369479172,0,1,0
"October 11, 2023",ITCACCOUNTSTATEMENT,Finance Documents Download,Finance Documents Download:Cancel Invoice,8807071088644,0,1,0
"October 11, 2023",ITCACCOUNTSTATEMENT,Finance Documents Download,Finance Documents Download:Initiated Invoice,8807071088644,0,1,0
"October 11, 2023",ITCACCOUNTSTATEMENT,Header-Menu-Clicks,Header-Menu-Clicks: Estratto conto,8800070959108,0,0,0
"October 11, 2023",ITCACCOUNTSTATEMENT,Header-Menu-Clicks,Header-Menu-Clicks: Estratto conto,8804103913476,0,0,0
"October 11, 2023",ITCACCOUNTSTATEMENT,Header-Menu-Clicks,Header-Menu-Clicks: Historie (Bericht),8807209795588,1,0,0
"October 11, 2023",ITCACCOUNTSTATEMENT,Header-Menu-Clicks,Header-Menu-Clicks: Home,8805369479172,1,0,0
"October 11, 2023",ITCACCOUNTSTATEMENT,Header-Menu-Clicks,Header-Menu-Clicks: Kontoauszug,8807209795588,0,0,0
"October 11, 2023",ITCACCOUNTSTATEMENT,Header-Menu-Clicks,Header-Menu-Clicks: Orders,8805369479172,1,0,0
"October 11, 2023",ITCACCOUNTSTATEMENT,Header-Menu-Clicks,Header-Menu-Clicks: Panoramica contestazioni,8804103913476,1,0,0
"October 11, 2023",ITCACCOUNTSTATEMENT,Header-Menu-Clicks,Header-Menu-Clicks: Relevé de compte,8807071088644,0,0,0
"October 11, 2023",ITCACCOUNTSTATEMENT,Header-Menu-Clicks,Header-Menu-Clicks: Relevé de compte,8811789156356,0,0,0
"October 11, 2023",ITCACCOUNTSTATEMENT,Header-Menu-Clicks,Header-Menu-Clicks: Report Storico,8800070959108,1,0,0
"October 11, 2023",ITCACCOUNTSTATEMENT,Header-Menu-Clicks,Header-Menu-Clicks: Statement of Account,8805369479172,0,0,0
"October 11, 2023",ITCACCOUNTSTATEMENT,Home,Home:Widget: Account Financial,8805369479172,4,0,0
"October 11, 2023",ITCACCOUNTSTATEMENT,Home,Home:Widget: Account Financial,8807209795588,1,0,0
"October 11, 2023",ITCACCOUNTSTATEMENT,Home,Home:Widget: Account Financial,8811790270468,2,0,0
"October 11, 2023",ITCACCOUNTSTATEMENT,Invoice,Invoice:More Info 1027740703,8805369479172,0,1,0
"October 11, 2023",ITCACCOUNTSTATEMENT,Invoice,Invoice:More Info 1046464577,8811789156356,0,2,0
"October 11, 2023",ITCACCOUNTSTATEMENT,Invoice,Invoice:More Info 1047532919,8807071088644,1,0,0
"October 11, 2023",ITCACCOUNTSTATEMENT,Invoice,Invoice:More Info 1197457955,8807209795588,0,1,0
"October 11, 2023",ITCACCOUNTSTATEMENT,Invoice,Invoice:More Info 1197691312,8807209795588,0,1,0
"October 11, 2023",ITCACCOUNTSTATEMENT,Invoice,Invoice:More Info 1199546603,8805369479172,1,0,0
"October 11, 2023",ITCACCOUNTSTATEMENT,Invoice,Invoice:More Info 1199756386,8811790270468,0,1,0
"October 11, 2023",ITCACCOUNTSTATEMENT,Invoice,Invoice:More Info 1209774166,8805369479172,0,1,0
"October 11, 2023",ITCACCOUNTSTATEMENT,Invoice,Invoice:More Info 1209775404,8805369479172,0,2,0
"October 11, 2023",ITCACCOUNTSTATEMENT,Invoice,Invoice:More Info 1800083626,8807071088644,1,1,0
"October 11, 2023",ITCACCOUNTSTATEMENT,Language Selected,Language Selected:English (Great Britain),8805369479172,0,1,0
"October 11, 2023",ITCACCOUNTSTATEMENT,Language Selected,Language Selected:Español (España),8805369479172,0,1,0
"October 11, 2023",ITCACCOUNTSTATEMENT,Search,Orders:Include All Account: Switched On,8807071088644,1,0,0
"October 11, 2023",ITCACCOUNTSTATEMENT,Search Term,manageActiveCustomers:mara,8805369479172,1,0,0
"October 11, 2023",ITCACCOUNTSTATEMENT,Statement of Account,Filter Applied:Dispute status | Closed,8807071088644,0,0,1
"October 11, 2023",ITCACCOUNTSTATEMENT,Statement of Account,Filter Applied:Dispute status | Resolved,8807071088644,0,0,3
"October 11, 2023",ITCACCOUNTSTATEMENT,Statement of Account,Filter Applied:Invoices Only: Turned On,8807209795588,0,0,1
"October 11, 2023",ITCACCOUNTSTATEMENT,Statement of Account,Search:1415717194,8811790270468,0,0,1
"October 11, 2023",ITCACCOUNTSTATEMENT,Statement of Account,Search:1419605359,8811790270468,0,0,1
"October 11, 2023",ITCACCOUNTSTATEMENT,Statement of Account,Search:6211647075,8811790270468,0,0,1
"October 11, 2023",ITCACCOUNTSTATEMENT,View Dashboard,View Dashboard:Dashboard Viewed,8805369479172,1,0,0
"October 11, 2023",ITCACCOUNTSTATEMENT,View Invoice,View Invoice:1049276158,8811789156356,1,0,0
"October 11, 2023",ITCHISTORYREPORT,,,8804103913476,1,0,0
"October 11, 2023",ITCHISTORYREPORT,,,8807209795588,2,0,0
"October 11, 2023",ITCHISTORYREPORT,CTA,CTA:Filter CTA,8811789123588,0,1,0
"October 11, 2023",ITCHISTORYREPORT,Dispute Details,Dispute Details:1196564838 | SIG30AVM,8808679407620,0,1,0
"October 11, 2023",ITCHISTORYREPORT,Dispute Summary,Dispute Summary:File deleted,8808679407620,0,1,0
"October 11, 2023",ITCHISTORYREPORT,Dispute Summary,Dispute Summary:File uploaded: Initiated,8808679407620,0,4,0
"October 11, 2023",ITCHISTORYREPORT,Download PO Doc,Order Details:6218612377,8806779715588,1,0,0
"October 11, 2023",ITCHISTORYREPORT,Email,Email:Email Initiated,8807071088644,1,2,0
"October 11, 2023",ITCHISTORYREPORT,Error,ITCHISTORYREPORT:Error: Not Found,8807071088644,0,1,0
"October 11, 2023",ITCHISTORYREPORT,Header-Menu-Clicks,Header-Menu-Clicks: Dashboard Viewed,8811789156356,1,0,0
"October 11, 2023",ITCHISTORYREPORT,Header-Menu-Clicks,Header-Menu-Clicks: File deleted,8808679407620,0,0,0
"October 11, 2023",ITCHISTORYREPORT,Header-Menu-Clicks,Header-Menu-Clicks: Grand-Livre,8811789123588,0,0,0
"October 11, 2023",ITCHISTORYREPORT,Header-Menu-Clicks,Header-Menu-Clicks: Grand-Livre,8811789156356,0,0,0
"October 11, 2023",ITCHISTORYREPORT,Header-Menu-Clicks,Header-Menu-Clicks: Historie (Bericht),8807209795588,0,0,0
"October 11, 2023",ITCHISTORYREPORT,Header-Menu-Clicks,Header-Menu-Clicks: History Report,8805369479172,0,0,0
"October 11, 2023",ITCHISTORYREPORT,Header-Menu-Clicks,Header-Menu-Clicks: History Report,8808679407620,0,0,0
"October 11, 2023",ITCHISTORYREPORT,Header-Menu-Clicks,Header-Menu-Clicks: Report Storico,8800070959108,0,0,0
"October 11, 2023",ITCHISTORYREPORT,Header-Menu-Clicks,Header-Menu-Clicks: Report Storico,8804103913476,0,0,0
"October 11, 2023",ITCHISTORYREPORT,Header-Menu-Clicks,Header-Menu-Clicks: Report Storico,8806779715588,0,0,0
"October 11, 2023",ITCHISTORYREPORT,Header-Menu-Clicks,Header-Menu-Clicks: Récapitulatif des litiges,8811789123588,1,0,0
"October 11, 2023",ITCHISTORYREPORT,History Report,Search:1048008537,8811789123588,0,0,1
"October 11, 2023",ITCHISTORYREPORT,Home,Home:Widget: Account Financial,8805369479172,1,0,0
"October 11, 2023",ITCHISTORYREPORT,Home,Home:Widget: Account Financial,8807209795588,1,0,0
"October 11, 2023",ITCHISTORYREPORT,Invoice,Invoice:More Info 1199546603,8805369479172,0,1,0
"October 11, 2023",ITCHISTORYREPORT,Login,Login Success: Login_External : 2023-10-10T18:32:58.435Z,8808679407620,1,0,0
"October 11, 2023",ITCHISTORYREPORT,Raise a Dispute,Raise a Dispute:1196564838,8808679407620,0,1,0
"October 11, 2023",ITCHISTORYREPORT,Shipments,Shipments:More Details: 1ZFA6657D989735596,8800070959108,1,0,0
"October 11, 2023",ITCHISTORYREPORT,Survey Popup,Survey Popup:Survey Cancel,8808679407620,0,1,0
"October 12, 2023",DISPUTES,Header-Menu-Clicks,Header-Menu-Clicks: Kontoauszug,8807209795588,1,0,0
"October 12, 2023",DISPUTES,Header-Menu-Clicks,Header-Menu-Clicks: Übersicht Rechnungsreklamation,8805701550084,0,0,0
"October 12, 2023",DISPUTES,Header-Menu-Clicks,Header-Menu-Clicks: Übersicht Rechnungsreklamation,8807209795588,0,0,0
"October 12, 2023",DISPUTES,Invoice,Invoice:More Info 1196569775,8805701550084,1,0,0
"October 12, 2023",DISPUTES,More Details,More Details:1197310119,8805701550084,0,1,0
"October 12, 2023",DISPUTES,More Details,More Details:1197691312,8807209795588,0,1,0
"October 12, 2023",ITCACCOUNTSTATEMENT,,,8811697963012,1,0,0
"October 12, 2023",ITCACCOUNTSTATEMENT,CTA,CTA:Filter CTA,8805701550084,0,2,0
"October 12, 2023",ITCACCOUNTSTATEMENT,CTA,CTA:Filter CTA,8810155048964,0,1,0
"October 12, 2023",ITCACCOUNTSTATEMENT,Error,ITCACCOUNTSTATEMENT:Error: Internal Server Error,8810155048964,0,1,0
"October 12, 2023",ITCACCOUNTSTATEMENT,Header-Menu-Clicks,Header-Menu-Clicks: Historie (Bericht),8807209795588,2,0,0
"October 12, 2023",ITCACCOUNTSTATEMENT,Header-Menu-Clicks,Header-Menu-Clicks: Kontoauszug,8805701550084,0,0,0
"October 12, 2023",ITCACCOUNTSTATEMENT,Header-Menu-Clicks,Header-Menu-Clicks: Kontoauszug,8807209795588,0,0,0
"October 12, 2023",ITCACCOUNTSTATEMENT,Header-Menu-Clicks,Header-Menu-Clicks: Shipments,8805369479172,0,0,0
"October 12, 2023",ITCACCOUNTSTATEMENT,Home,Home:Widget: Account Financial,8805369479172,2,0,0
"October 12, 2023",ITCACCOUNTSTATEMENT,Home,Home:Widget: Account Financial,8811697963012,1,0,0
"October 12, 2023",ITCACCOUNTSTATEMENT,Login,Login Success: Login_External : 2023-10-11T07:22:51.801Z,8805701550084,1,0,0
"October 12, 2023",ITCACCOUNTSTATEMENT,Statement of Account,Filter Applied:View All Accounts: Turned On,8810155048964,0,0,1
"October 12, 2023",ITCACCOUNTSTATEMENT,View Dashboard,View Dashboard:Dashboard Viewed,8805369479172,1,0,0
"October 12, 2023",ITCHISTORYREPORT,,,8807209795588,1,0,0
"October 12, 2023",ITCHISTORYREPORT,CTA,CTA:Filter CTA,8805701550084,1,0,0
"October 12, 2023",ITCHISTORYREPORT,Header-Menu-Clicks,Header-Menu-Clicks: Historie (Bericht),8805701550084,0,0,0
"October 12, 2023",ITCHISTORYREPORT,Header-Menu-Clicks,Header-Menu-Clicks: Historie (Bericht),8807209795588,0,0,0
"October 12, 2023",ITCHISTORYREPORT,Invoice,Invoice:More Info 1196569775,8805701550084,0,1,0
"October 12, 2023",ITCHISTORYREPORT,View Dispute,View Dispute:100002842679,8807209795588,1,0,0
"October 06, 2023",DISPUTES,ACCOUNTINVOICEDETAIL,ACCOUNTINVOICEDETAIL:Error: Internal Server Error,8809954082820,1,1,0
"October 06, 2023",DISPUTES,CTA,CTA:Filter CTA,8807209795588,0,4,0
"October 06, 2023",DISPUTES,CTA,CTA:Filter CTA,8809954082820,0,1,0
"October 06, 2023",DISPUTES,Dispute Overview,Filter Applied:clearFacet | clearFacet,8807209795588,0,0,1
"October 06, 2023",DISPUTES,Dispute Overview,Filter Applied:Dispute Status | Open,8807209795588,0,0,3
"October 06, 2023",DISPUTES,Dispute Overview,Filter Applied:Dispute Status | Open,8809954082820,0,0,1
"October 06, 2023",DISPUTES,Dispute Overview,Filter Applied:Dispute Status | Resolved,8807209795588,0,0,1
"October 06, 2023",DISPUTES,Header-Menu-Clicks,Header-Menu-Clicks: Übersicht Rechnungsreklamation,8809954082820,0,0,0
"October 06, 2023",DISPUTES,More Details,More Details:1197582649,8809954082820,0,1,0
"October 06, 2023",DISPUTES,Statement of Account,Filter Applied:Invoices Only: Turned On,8809954082820,1,0,0
"October 06, 2023",DISPUTES,View Dispute,View Dispute:100002742840,8809954082820,1,2,0
"October 06, 2023",DISPUTES,View Dispute,View Dispute:100002789467,8807209795588,1,0,0
"October 06, 2023",DISPUTES,View Dispute,View Dispute:100002793172,8807209795588,1,1,0
"October 06, 2023",DISPUTES,View Dispute,View Dispute:100002797587,8809954082820,1,0,0
"October 06, 2023",DISPUTES,View Dispute,View Dispute:100002816514,8807209795588,2,1,0
"October 06, 2023",DISPUTES,View Dispute,View Dispute:100002845637,8807209795588,1,0,0
"October 06, 2023",DISPUTES,View Dispute,View Dispute:100002855784,8807209795588,1,1,0
"October 06, 2023",DISPUTES,View Dispute,View Dispute:100002856140,8809954082820,1,1,0
"October 06, 2023",DISPUTES,View Dispute,View Dispute:100002875042,8807209795588,1,0,0
"October 06, 2023",ITCACCOUNTSTATEMENT,,,8805701550084,1,0,0
"October 06, 2023",ITCACCOUNTSTATEMENT,Download,Statement of Account:Download Initiated,8807071088644,0,1,0
"October 06, 2023",ITCACCOUNTSTATEMENT,Email,Email:Email Initiated,8807071088644,0,1,0
"October 06, 2023",ITCACCOUNTSTATEMENT,Header-Menu-Clicks,Header-Menu-Clicks: Relevé de compte,8807071088644,0,0,0
"October 06, 2023",ITCACCOUNTSTATEMENT,Home,Home:Widget: Account Financial,8809954082820,1,0,0
"October 06, 2023",ITCACCOUNTSTATEMENT,Home,Home:Widget: Account Financial,8811395809284,1,0,0
"October 06, 2023",ITCACCOUNTSTATEMENT,Login,Login Success: Login_External : 2023-10-05T08:34:34.386Z,8807071088644,1,0,0
"October 06, 2023",ITCACCOUNTSTATEMENT,Statement of Account,Filter Applied:Invoices Only: Turned On,8809954082820,0,0,1
"October 06, 2023",ITCACCOUNTSTATEMENT,Survey Popup,Survey Popup:Survey Cancel,8809954082820,1,0,0
"October 06, 2023",ITCHISTORYREPORT,,,8807071088644,1,0,0
"October 06, 2023",ITCHISTORYREPORT,Email,Email:Email Initiated,8807071088644,1,1,0
"October 06, 2023",ITCHISTORYREPORT,Finance Documents Download,Finance Documents Download:Cancel Invoice,8807071088644,0,1,0
"October 06, 2023",ITCHISTORYREPORT,Finance Documents Download,Finance Documents Download:Initiated Invoice,8807209795588,0,1,0
"October 06, 2023",ITCHISTORYREPORT,Home,Home:Widget: Orders,8807209795588,2,0,0
"October 06, 2023",ITCHISTORYREPORT,Language Selected,Language Selected:English,8807071088644,0,1,0
"October 06, 2023",ITCHISTORYREPORT,Language Selected,Language Selected:Français (France),8807071088644,0,1,0
"October 06, 2023",ITCHISTORYREPORT,Search,Orders:Category: Type de commande & Sub Category: Commande vente directe  Medtronic (ZOR),8807071088644,1,0,0
"October 06, 2023",ITCHISTORYREPORT,Search,Orders:Quick View:Complete,8805701550084,1,0,1
"October 06, 2023",ITCHISTORYREPORT,View Invoice,View Invoice:1233018927,8807209795588,1,1,0
